dive_site,n_he_num,n_dg_m_num,n_dg_h_num,n_de_num,n_pa_num,n_pb_num,n_fb_num,n_ybd_num,n_bbd_num,n_wbd_num,n_aog_num,n_sd_num,n_fp_num,n_transects,prev_n_he_num,prev_n_dg_m_num,prev_n_dg_h_num,prev_n_de_num,prev_n_pa_num,prev_n_pb_num,prev_n_fb_num,prev_n_ybd_num,prev_n_bbd_num,prev_n_wbd_num,prev_n_aog_num,prev_n_sd_num,prev_n_fp_num,prev_n_transects
Buoy Line,37,32,34,12,24,23,14,0,0,0,25,15,0,287,0.1289198606271777,0.11149825783972125,0.11846689895470383,0.041811846689895474,0.08362369337979095,0.08013937282229965,0.04878048780487805,0,0,0,0.08710801393728224,0.05226480836236934,0,1
Casablanca,93,73,55,26,59,41,9,1,1,0,39,12,6,588,0.15816326530612246,0.12414965986394558,0.0935374149659864,0.04421768707482993,0.10034013605442177,0.06972789115646258,0.015306122448979591,0.0017006802721088435,0.0017006802721088435,0,0.0663265306122449,0.02040816326530612,0.01020408163265306,1
Grandmas Garden,66,48,35,16,39,22,12,0,0,0,22,12,2,350,0.18857142857142858,0.13714285714285715,0.1,0.045714285714285714,0.11142857142857143,0.06285714285714286,0.03428571428571429,0,0,0,0.06285714285714286,0.03428571428571429,0.005714285714285714,1
Manuels Wall,38,29,18,8,21,11,4,0,0,0,15,5,1,238,0.15966386554621848,0.12184873949579832,0.07563025210084033,0.03361344537815126,0.08823529411764706,0.046218487394957986,0.01680672268907563,0,0,0,0.06302521008403361,0.02100840336134454,0.004201680672268907,1
Pandora,53,47,43,23,25,29,16,1,0,1,38,14,4,315,0.16825396825396827,0.1492063492063492,0.1365079365079365,0.07301587301587302,0.07936507936507936,0.09206349206349207,0.050793650793650794,0.0031746031746031746,0,0.0031746031746031746,0.12063492063492064,0.044444444444444446,0.012698412698412698,1
